﻿<?xml version="1.0" encoding="UTF-8"?>
<codeBook version="1.2.2" ID="QIDANDREV" xml-lang="en" xmlns="http://www.icpsr.umich.edu/DDI" xsi:SchemaLocation="http://www.icpsr.umich.edu/DDI http://www.icpsr.umich.edu/DDI/Version1-2-2.xsd" xmlns:xsi="http://www.w3.org/2001/XMLSchema-instance">
  <docDscr>
    <citation>
      <titlStmt>
        <titl>ENI - Formulario de Supervisión de Gabinete - Procedimiento Verificación</titl>
      </titlStmt>
      <prodStmt>
        <copyright>
        </copyright>
        <software version="1.0.0" date="2015-07-08">StatDDI</software>
      </prodStmt>
    </citation>
    <notes>
    </notes>
  </docDscr>
  <stdyDscr>
    <citation>
      <titlStmt>
        <titl>ENI - Formulario de Supervisión de Gabinete - Procedimiento Verificación</titl>
        <IDNO>QUEST</IDNO>
      </titlStmt>
      <prodStmt>
        <software version="1.0.0" date="2015-07-08">StatDDI</software>
      </prodStmt>
    </citation>
  </stdyDscr>
  <dataDscr>
    <var ID="V1" name="interview__id" files="F1" intrvl="discrete">
      <location width="255" RecSegNo="1" />
      <labl><![CDATA[Unique 32-character long identifier of the interview]]></labl>
      <qstn />
      <varFormat type="character" schema="other" />
    </var>
    <var ID="V2" name="interview__key" files="F1" intrvl="discrete">
      <location width="255" RecSegNo="1" />
      <labl><![CDATA[Interview key (identifier in XX-XX-XX-XX format)]]></labl>
      <qstn />
      <varFormat type="character" schema="other" />
    </var>
    <var ID="V3" name="assignment__id" files="F1" intrvl="discrete">
      <location width="255" RecSegNo="1" />
      <labl><![CDATA[Assignment id (identifier in numeric format)]]></labl>
      <qstn />
      <varFormat type="character" schema="other" />
    </var>
    <var ID="V4" name="sssys_irnd" files="F1" intrvl="discrete">
      <location width="255" RecSegNo="1" />
      <labl><![CDATA[Random number in the range 0..1 associated with interview]]></labl>
      <qstn />
      <varFormat type="character" schema="other" />
    </var>
    <var ID="V5" name="has__errors" files="F1" intrvl="discrete">
      <location width="255" RecSegNo="1" />
      <labl><![CDATA[Errors count in the interview]]></labl>
      <qstn />
      <varFormat type="character" schema="other" />
    </var>
    <var ID="V6" name="interview__status" files="F1" intrvl="discrete">
      <location width="255" RecSegNo="1" />
      <labl><![CDATA[Status of the interview]]></labl>
      <qstn />
      <varFormat type="character" schema="other" />
    </var>
    <var ID="V7" name="P_1_1" files="F1" intrvl="discrete">
      <location width="255" RecSegNo="1" />
      <labl><![CDATA[Rol]]></labl>
      <qstn>
        <qstnLit><![CDATA[1.1. Rol]]></qstnLit>
      </qstn>
      <varFormat type="character" schema="other" />
    </var>
    <var ID="V8" name="P_1_2" files="F1" intrvl="discrete">
      <location width="255" RecSegNo="1" />
      <labl><![CDATA[Rut]]></labl>
      <qstn>
        <qstnLit><![CDATA[1.2. Rut]]></qstnLit>
      </qstn>
      <varFormat type="character" schema="other" />
    </var>
    <var ID="V9" name="P_1_3" files="F1" intrvl="discrete">
      <location width="255" RecSegNo="1" />
      <labl><![CDATA[Razon_social]]></labl>
      <qstn>
        <qstnLit><![CDATA[1.3. Razón social]]></qstnLit>
      </qstn>
      <varFormat type="character" schema="other" />
    </var>
    <var ID="V10" name="P_1_4" files="F1" intrvl="discrete">
      <location width="255" RecSegNo="1" />
      <labl><![CDATA[Estado]]></labl>
      <qstn>
        <qstnLit><![CDATA[1.4. Estado de sistema]]></qstnLit>
      </qstn>
      <varFormat type="character" schema="other" />
    </var>
    <var ID="V11" name="P_1_5" files="F1" intrvl="discrete">
      <location width="255" RecSegNo="1" />
      <labl><![CDATA[Analista_Recolect]]></labl>
      <qstn>
        <qstnLit><![CDATA[1.5. Analista de datos /Recolector(a)de datos]]></qstnLit>
      </qstn>
      <varFormat type="character" schema="other" />
    </var>
    <var ID="V12" name="P_2_1" files="F1" intrvl="discrete">
      <location width="255" RecSegNo="1" />
      <labl><![CDATA[2.1. Fecha de ejecución de la supervisión]]></labl>
      <qstn>
        <qstnLit><![CDATA[2.1. Fecha de ejecución de la supervisión]]></qstnLit>
      </qstn>
      <varFormat type="character" schema="other" />
    </var>
    <var ID="V13" name="P_3_1__1" files="F1" intrvl="discrete">
      <location RecSegNo="1" />
      <labl><![CDATA[3.1. Etapa de Supervisión *** OCULTAR PREGUNTA ***:Etapa de Verificación]]></labl>
      <qstn>
        <qstnLit><![CDATA[3.1. Etapa de Supervisión *** OCULTAR PREGUNTA ***]]></qstnLit>
      </qstn>
      <varFormat type="numeric" schema="other" />
    </var>
    <var ID="V14" name="P_3_1__2" files="F1" intrvl="discrete">
      <location RecSegNo="1" />
      <labl><![CDATA[3.1. Etapa de Supervisión *** OCULTAR PREGUNTA ***:Etapa de Recolección]]></labl>
      <qstn>
        <qstnLit><![CDATA[3.1. Etapa de Supervisión *** OCULTAR PREGUNTA ***]]></qstnLit>
      </qstn>
      <varFormat type="numeric" schema="other" />
    </var>
    <var ID="V15" name="P_3_1__3" files="F1" intrvl="discrete">
      <location RecSegNo="1" />
      <labl><![CDATA[3.1. Etapa de Supervisión *** OCULTAR PREGUNTA ***:Etapa de Análisis y Consistencia]]></labl>
      <qstn>
        <qstnLit><![CDATA[3.1. Etapa de Supervisión *** OCULTAR PREGUNTA ***]]></qstnLit>
      </qstn>
      <varFormat type="numeric" schema="other" />
    </var>
    <var ID="V16" name="P_3_1__4" files="F1" intrvl="discrete">
      <location RecSegNo="1" />
      <labl><![CDATA[3.1. Etapa de Supervisión *** OCULTAR PREGUNTA ***:Etapa de Procesamiento]]></labl>
      <qstn>
        <qstnLit><![CDATA[3.1. Etapa de Supervisión *** OCULTAR PREGUNTA ***]]></qstnLit>
      </qstn>
      <varFormat type="numeric" schema="other" />
    </var>
    <var ID="V17" name="P_4_1_1" files="F1" intrvl="discrete">
      <location RecSegNo="1" />
      <labl><![CDATA[4.1.1.¿Se realiza la gestión de un mínimo de llamados telefónicos, en distintos días y franja horaria con el informante, según lo establecido por el operativo estadístico?]]></labl>
      <qstn>
        <qstnLit><![CDATA[4.1.1.¿Se realiza la gestión de un mínimo de llamados telefónicos, en distintos días y franja horaria con el informante, según lo establecido por el operativo estadístico?]]></qstnLit>
      </qstn>
      <catgry>
        <catValu>1</catValu>
        <labl><![CDATA[Sí]]></labl>
      </catgry>
      <catgry>
        <catValu>2</catValu>
        <labl><![CDATA[No]]></labl>
      </catgry>
      <catgry>
        <catValu>3</catValu>
        <labl><![CDATA[N/A]]></labl>
      </catgry>
      <varFormat type="numeric" schema="other" />
    </var>
    <var ID="V18" name="P_4_1_1_1" files="F1" intrvl="discrete">
      <location width="255" RecSegNo="1" />
      <labl><![CDATA[4.1.1.1. Observación]]></labl>
      <qstn>
        <qstnLit><![CDATA[4.1.1.1. Observación]]></qstnLit>
      </qstn>
      <varFormat type="character" schema="other" />
    </var>
    <var ID="V19" name="P_4_1_2" files="F1" intrvl="discrete">
      <location RecSegNo="1" />
      <labl><![CDATA[4.1.2. ¿Se logra un contacto con la unidad?]]></labl>
      <qstn>
        <qstnLit><![CDATA[4.1.2. ¿Se logra un contacto con la unidad?]]></qstnLit>
      </qstn>
      <catgry>
        <catValu>1</catValu>
        <labl><![CDATA[Sí]]></labl>
      </catgry>
      <catgry>
        <catValu>2</catValu>
        <labl><![CDATA[No]]></labl>
      </catgry>
      <varFormat type="numeric" schema="other" />
    </var>
    <var ID="V20" name="P_4_1_3" files="F1" intrvl="discrete">
      <location RecSegNo="1" />
      <labl><![CDATA[4.1.3. ¿Se realiza actualización de datos de la unidad en archivo de directorio ?]]></labl>
      <qstn>
        <qstnLit><![CDATA[4.1.3. ¿Se realiza actualización de datos de la unidad en archivo de directorio ?]]></qstnLit>
      </qstn>
      <catgry>
        <catValu>1</catValu>
        <labl><![CDATA[Sí]]></labl>
      </catgry>
      <catgry>
        <catValu>2</catValu>
        <labl><![CDATA[No]]></labl>
      </catgry>
      <varFormat type="numeric" schema="other" />
    </var>
    <var ID="V21" name="P_4_2_1" files="F1" intrvl="discrete">
      <location RecSegNo="1" />
      <labl><![CDATA[4.2.1. ¿Se realiza la gestión de un mínimo de correos electrónicos para la etapa de verificación, según lo establecido por el operativo estadístico?]]></labl>
      <qstn>
        <qstnLit><![CDATA[4.2.1. ¿Se realiza la gestión de un mínimo de correos electrónicos para la etapa de verificación, según lo establecido por el operativo estadístico?]]></qstnLit>
      </qstn>
      <catgry>
        <catValu>1</catValu>
        <labl><![CDATA[Sí]]></labl>
      </catgry>
      <catgry>
        <catValu>2</catValu>
        <labl><![CDATA[No]]></labl>
      </catgry>
      <catgry>
        <catValu>3</catValu>
        <labl><![CDATA[N/A]]></labl>
      </catgry>
      <varFormat type="numeric" schema="other" />
    </var>
    <var ID="V22" name="P_4_2_1_1" files="F1" intrvl="discrete">
      <location width="255" RecSegNo="1" />
      <labl><![CDATA[4.2.1.1. Observación]]></labl>
      <qstn>
        <qstnLit><![CDATA[4.2.1.1. Observación]]></qstnLit>
      </qstn>
      <varFormat type="character" schema="other" />
    </var>
    <var ID="V23" name="P_4_2_2" files="F1" intrvl="discrete">
      <location RecSegNo="1" />
      <labl><![CDATA[4.2.2. ¿Se registra respaldo de correo electrónico para gestión de verificación?]]></labl>
      <qstn>
        <qstnLit><![CDATA[4.2.2. ¿Se registra respaldo de correo electrónico para gestión de verificación?]]></qstnLit>
      </qstn>
      <catgry>
        <catValu>1</catValu>
        <labl><![CDATA[Sí]]></labl>
      </catgry>
      <catgry>
        <catValu>2</catValu>
        <labl><![CDATA[No]]></labl>
      </catgry>
      <varFormat type="numeric" schema="other" />
    </var>
    <var ID="V24" name="P_4_2_3" files="F1" intrvl="discrete">
      <location RecSegNo="1" />
      <labl><![CDATA[4.2.3. ¿Se logra un contacto con la unidad?]]></labl>
      <qstn>
        <qstnLit><![CDATA[4.2.3. ¿Se logra un contacto con la unidad?]]></qstnLit>
      </qstn>
      <catgry>
        <catValu>1</catValu>
        <labl><![CDATA[Sí]]></labl>
      </catgry>
      <catgry>
        <catValu>2</catValu>
        <labl><![CDATA[No]]></labl>
      </catgry>
      <varFormat type="numeric" schema="other" />
    </var>
    <var ID="V25" name="P_4_2_4" files="F1" intrvl="discrete">
      <location RecSegNo="1" />
      <labl><![CDATA[4.2.4. ¿Se realiza actualización de datos de la unidad en archivo de directorio ?]]></labl>
      <qstn>
        <qstnLit><![CDATA[4.2.4. ¿Se realiza actualización de datos de la unidad en archivo de directorio ?]]></qstnLit>
      </qstn>
      <catgry>
        <catValu>1</catValu>
        <labl><![CDATA[Sí]]></labl>
      </catgry>
      <catgry>
        <catValu>2</catValu>
        <labl><![CDATA[No]]></labl>
      </catgry>
      <varFormat type="numeric" schema="other" />
    </var>
    <var ID="V26" name="P_4_3_1" files="F1" intrvl="discrete">
      <location RecSegNo="1" />
      <labl><![CDATA[4.3.1.¿ Se realiza gestión de búsqueda web para recuperación de información referida a la unidad, según lo establecido en el operativo estadístico?]]></labl>
      <qstn>
        <qstnLit><![CDATA[4.3.1.¿ Se realiza gestión de búsqueda web para recuperación de información referida a la unidad, según lo establecido en el operativo estadístico?]]></qstnLit>
      </qstn>
      <catgry>
        <catValu>1</catValu>
        <labl><![CDATA[Sí]]></labl>
      </catgry>
      <catgry>
        <catValu>2</catValu>
        <labl><![CDATA[No]]></labl>
      </catgry>
      <varFormat type="numeric" schema="other" />
    </var>
    <var ID="V27" name="P_4_3_1_1" files="F1" intrvl="discrete">
      <location width="255" RecSegNo="1" />
      <labl><![CDATA[4.3.1.1. Observación]]></labl>
      <qstn>
        <qstnLit><![CDATA[4.3.1.1. Observación]]></qstnLit>
      </qstn>
      <varFormat type="character" schema="other" />
    </var>
    <var ID="V28" name="P_4_3_2" files="F1" intrvl="discrete">
      <location RecSegNo="1" />
      <labl><![CDATA[4.3.2. ¿Se realiza consulta de la unidad en SII?]]></labl>
      <qstn>
        <qstnLit><![CDATA[4.3.2. ¿Se realiza consulta de la unidad en SII?]]></qstnLit>
      </qstn>
      <catgry>
        <catValu>1</catValu>
        <labl><![CDATA[Sí]]></labl>
      </catgry>
      <catgry>
        <catValu>2</catValu>
        <labl><![CDATA[No]]></labl>
      </catgry>
      <varFormat type="numeric" schema="other" />
    </var>
    <var ID="V29" name="P_4_3_3" files="F1" intrvl="discrete">
      <location RecSegNo="1" />
      <labl><![CDATA[4.3.3. ¿La unidad se encuentra activa en SII?]]></labl>
      <qstn>
        <qstnLit><![CDATA[4.3.3. ¿La unidad se encuentra activa en SII?]]></qstnLit>
      </qstn>
      <catgry>
        <catValu>1</catValu>
        <labl><![CDATA[Sí]]></labl>
      </catgry>
      <catgry>
        <catValu>2</catValu>
        <labl><![CDATA[No]]></labl>
      </catgry>
      <varFormat type="numeric" schema="other" />
    </var>
    <var ID="V30" name="P_4_3_4" files="F1" intrvl="discrete">
      <location RecSegNo="1" />
      <labl><![CDATA[4.3.4. ¿Se realiza actualización de datos de la unidad en archivo de directorio ?]]></labl>
      <qstn>
        <qstnLit><![CDATA[4.3.4. ¿Se realiza actualización de datos de la unidad en archivo de directorio ?]]></qstnLit>
      </qstn>
      <catgry>
        <catValu>1</catValu>
        <labl><![CDATA[Sí]]></labl>
      </catgry>
      <catgry>
        <catValu>2</catValu>
        <labl><![CDATA[No]]></labl>
      </catgry>
      <varFormat type="numeric" schema="other" />
    </var>
    <var ID="V31" name="P_4_4_1" files="F1" intrvl="discrete">
      <location RecSegNo="1" />
      <labl><![CDATA[4.4.1 ¿La unidad es elegible?]]></labl>
      <qstn>
        <qstnLit><![CDATA[4.4.1 ¿La unidad es elegible?]]></qstnLit>
      </qstn>
      <catgry>
        <catValu>1</catValu>
        <labl><![CDATA[Sí]]></labl>
      </catgry>
      <catgry>
        <catValu>2</catValu>
        <labl><![CDATA[No]]></labl>
      </catgry>
      <varFormat type="numeric" schema="other" />
    </var>
    <var ID="V32" name="P_4_4_2" files="F1" intrvl="discrete">
      <location RecSegNo="1" />
      <labl><![CDATA[4.4.2. ¿Se gestiona correo electrónico para envío de documentación para unidad no elegible?]]></labl>
      <qstn>
        <qstnLit><![CDATA[4.4.2. ¿Se gestiona correo electrónico para envío de documentación para unidad no elegible?]]></qstnLit>
      </qstn>
      <catgry>
        <catValu>1</catValu>
        <labl><![CDATA[Sí]]></labl>
      </catgry>
      <catgry>
        <catValu>2</catValu>
        <labl><![CDATA[No]]></labl>
      </catgry>
      <varFormat type="numeric" schema="other" />
    </var>
    <var ID="V33" name="P_4_4_2_1" files="F1" intrvl="discrete">
      <location width="255" RecSegNo="1" />
      <labl><![CDATA[4.4.2.1. Observación]]></labl>
      <qstn>
        <qstnLit><![CDATA[4.4.2.1. Observación]]></qstnLit>
      </qstn>
      <varFormat type="character" schema="other" />
    </var>
    <var ID="V34" name="P_4_4_3" files="F1" intrvl="discrete">
      <location RecSegNo="1" />
      <labl><![CDATA[4.4.3. ¿Se registra correo electrónico de respuesta por parte del informante ?]]></labl>
      <qstn>
        <qstnLit><![CDATA[4.4.3. ¿Se registra correo electrónico de respuesta por parte del informante ?]]></qstnLit>
      </qstn>
      <catgry>
        <catValu>1</catValu>
        <labl><![CDATA[Sí]]></labl>
      </catgry>
      <catgry>
        <catValu>2</catValu>
        <labl><![CDATA[No]]></labl>
      </catgry>
      <varFormat type="numeric" schema="other" />
    </var>
    <var ID="V35" name="P_4_4_4" files="F1" intrvl="discrete">
      <location RecSegNo="1" />
      <labl><![CDATA[4.4.4.¿Se registra respaldo de documentación para unidades no elegibles por parte del analista?]]></labl>
      <qstn>
        <qstnLit><![CDATA[4.4.4.¿Se registra respaldo de documentación para unidades no elegibles por parte del analista?]]></qstnLit>
      </qstn>
      <catgry>
        <catValu>1</catValu>
        <labl><![CDATA[Sí]]></labl>
      </catgry>
      <catgry>
        <catValu>2</catValu>
        <labl><![CDATA[No]]></labl>
      </catgry>
      <varFormat type="numeric" schema="other" />
    </var>
    <var ID="V36" name="P_4_4_5" files="F1" intrvl="discrete">
      <location RecSegNo="1" />
      <labl><![CDATA[4.4.5. ¿La unidad se encuentra activa en SII?]]></labl>
      <qstn>
        <qstnLit><![CDATA[4.4.5. ¿La unidad se encuentra activa en SII?]]></qstnLit>
      </qstn>
      <catgry>
        <catValu>1</catValu>
        <labl><![CDATA[Sí]]></labl>
      </catgry>
      <catgry>
        <catValu>2</catValu>
        <labl><![CDATA[No]]></labl>
      </catgry>
      <varFormat type="numeric" schema="other" />
    </var>
    <var ID="V37" name="P_4_4_5_1" files="F1" intrvl="discrete">
      <location width="255" RecSegNo="1" />
      <labl><![CDATA[4.4.5.1. Observación]]></labl>
      <qstn>
        <qstnLit><![CDATA[4.4.5.1. Observación]]></qstnLit>
      </qstn>
      <varFormat type="character" schema="other" />
    </var>
    <var ID="V38" name="P_4_5_1__1" files="F1" intrvl="discrete">
      <location RecSegNo="1" />
      <labl><![CDATA[4.5.1. ¿ El supervisor(a) recupera información de la unidad; teléfono, correo electrónico, dirección, otros?:Teléfono]]></labl>
      <qstn>
        <qstnLit><![CDATA[4.5.1. ¿ El supervisor(a) recupera información de la unidad; teléfono, correo electrónico, dirección, otros?]]></qstnLit>
      </qstn>
      <varFormat type="numeric" schema="other" />
    </var>
    <var ID="V39" name="P_4_5_1__2" files="F1" intrvl="discrete">
      <location RecSegNo="1" />
      <labl><![CDATA[4.5.1. ¿ El supervisor(a) recupera información de la unidad; teléfono, correo electrónico, dirección, otros?:Correo electrónico]]></labl>
      <qstn>
        <qstnLit><![CDATA[4.5.1. ¿ El supervisor(a) recupera información de la unidad; teléfono, correo electrónico, dirección, otros?]]></qstnLit>
      </qstn>
      <varFormat type="numeric" schema="other" />
    </var>
    <var ID="V40" name="P_4_5_1__3" files="F1" intrvl="discrete">
      <location RecSegNo="1" />
      <labl><![CDATA[4.5.1. ¿ El supervisor(a) recupera información de la unidad; teléfono, correo electrónico, dirección, otros?:Dirección]]></labl>
      <qstn>
        <qstnLit><![CDATA[4.5.1. ¿ El supervisor(a) recupera información de la unidad; teléfono, correo electrónico, dirección, otros?]]></qstnLit>
      </qstn>
      <varFormat type="numeric" schema="other" />
    </var>
    <var ID="V41" name="P_4_5_1__4" files="F1" intrvl="discrete">
      <location RecSegNo="1" />
      <labl><![CDATA[4.5.1. ¿ El supervisor(a) recupera información de la unidad; teléfono, correo electrónico, dirección, otros?:Otro]]></labl>
      <qstn>
        <qstnLit><![CDATA[4.5.1. ¿ El supervisor(a) recupera información de la unidad; teléfono, correo electrónico, dirección, otros?]]></qstnLit>
      </qstn>
      <varFormat type="numeric" schema="other" />
    </var>
    <var ID="V42" name="P_4_5_1__5" files="F1" intrvl="discrete">
      <location RecSegNo="1" />
      <labl><![CDATA[4.5.1. ¿ El supervisor(a) recupera información de la unidad; teléfono, correo electrónico, dirección, otros?:No]]></labl>
      <qstn>
        <qstnLit><![CDATA[4.5.1. ¿ El supervisor(a) recupera información de la unidad; teléfono, correo electrónico, dirección, otros?]]></qstnLit>
      </qstn>
      <varFormat type="numeric" schema="other" />
    </var>
    <var ID="V43" name="P_4_5_1__6" files="F1" intrvl="discrete">
      <location RecSegNo="1" />
      <labl><![CDATA[4.5.1. ¿ El supervisor(a) recupera información de la unidad; teléfono, correo electrónico, dirección, otros?:N/A]]></labl>
      <qstn>
        <qstnLit><![CDATA[4.5.1. ¿ El supervisor(a) recupera información de la unidad; teléfono, correo electrónico, dirección, otros?]]></qstnLit>
      </qstn>
      <varFormat type="numeric" schema="other" />
    </var>
    <var ID="V44" name="P_4_5_1_1" files="F1" intrvl="contin">
      <location RecSegNo="1" />
      <labl><![CDATA[4.5.1.1. Registre el teléfono 1]]></labl>
      <qstn>
        <qstnLit><![CDATA[4.5.1.1. Registre el teléfono 1]]></qstnLit>
      </qstn>
      <varFormat type="numeric" schema="other" />
    </var>
    <var ID="V45" name="P_4_5_1_1_1" files="F1" intrvl="contin">
      <location RecSegNo="1" />
      <labl><![CDATA[4.5.1.1.1 Registre el teléfono 2]]></labl>
      <qstn>
        <qstnLit><![CDATA[4.5.1.1.1 Registre el teléfono 2]]></qstnLit>
        <ivuInstr><![CDATA[Registre cero (0) si informante no posee otro teléfono]]></ivuInstr>
      </qstn>
      <varFormat type="numeric" schema="other" />
    </var>
    <var ID="V46" name="P_4_5_1_2" files="F1" intrvl="discrete">
      <location width="255" RecSegNo="1" />
      <labl><![CDATA[4.5.1.2. Registre el correo electrónico 1]]></labl>
      <qstn>
        <qstnLit><![CDATA[4.5.1.2. Registre el correo electrónico 1]]></qstnLit>
      </qstn>
      <varFormat type="character" schema="other" />
    </var>
    <var ID="V47" name="P_4_5_1_2_1" files="F1" intrvl="discrete">
      <location width="255" RecSegNo="1" />
      <labl><![CDATA[4.5.1.2.1. Registre el correo electrónico 2]]></labl>
      <qstn>
        <qstnLit><![CDATA[4.5.1.2.1. Registre el correo electrónico 2]]></qstnLit>
        <ivuInstr><![CDATA[Registre cero (0) si informante no posee otro correo electrónico]]></ivuInstr>
      </qstn>
      <varFormat type="character" schema="other" />
    </var>
    <var ID="V48" name="P_4_5_1_3" files="F1" intrvl="discrete">
      <location width="255" RecSegNo="1" />
      <labl><![CDATA[4.5.1.3. Registre la dirección 1]]></labl>
      <qstn>
        <qstnLit><![CDATA[4.5.1.3. Registre la dirección 1]]></qstnLit>
      </qstn>
      <varFormat type="character" schema="other" />
    </var>
    <var ID="V49" name="P_4_5_1_3_1" files="F1" intrvl="discrete">
      <location width="255" RecSegNo="1" />
      <labl><![CDATA[4.5.1.3.1. Registre la dirección 2]]></labl>
      <qstn>
        <qstnLit><![CDATA[4.5.1.3.1. Registre la dirección 2]]></qstnLit>
        <ivuInstr><![CDATA[Registre cero (0) si informante no posee otra dirección]]></ivuInstr>
      </qstn>
      <varFormat type="character" schema="other" />
    </var>
    <var ID="V50" name="P_4_5_1_4" files="F1" intrvl="discrete">
      <location width="255" RecSegNo="1" />
      <labl><![CDATA[4.5.1.4. Registre otro dato recuperado no indicado anteriormente 1]]></labl>
      <qstn>
        <qstnLit><![CDATA[4.5.1.4. Registre otro dato recuperado no indicado anteriormente 1]]></qstnLit>
      </qstn>
      <varFormat type="character" schema="other" />
    </var>
    <var ID="V51" name="P_4_5_1_4_1" files="F1" intrvl="discrete">
      <location width="255" RecSegNo="1" />
      <labl><![CDATA[4.5.1.4.1. Registre otro dato recuperado no indicado anteriormente 2]]></labl>
      <qstn>
        <qstnLit><![CDATA[4.5.1.4.1. Registre otro dato recuperado no indicado anteriormente 2]]></qstnLit>
        <ivuInstr><![CDATA[Registre cero (0) si informante no posee otro dato recuperado anteriormente]]></ivuInstr>
      </qstn>
      <varFormat type="character" schema="other" />
    </var>
    <var ID="V52" name="P_4_5_1_5" files="F1" intrvl="discrete">
      <location width="255" RecSegNo="1" />
      <labl><![CDATA[4.5.1.5. Observación 1]]></labl>
      <qstn>
        <qstnLit><![CDATA[4.5.1.5. Observación 1]]></qstnLit>
      </qstn>
      <varFormat type="character" schema="other" />
    </var>
    <var ID="V53" name="P_4_5_1_5_1" files="F1" intrvl="discrete">
      <location width="255" RecSegNo="1" />
      <labl><![CDATA[4.5.1.5.1. Observación 2]]></labl>
      <qstn>
        <qstnLit><![CDATA[4.5.1.5.1. Observación 2]]></qstnLit>
        <ivuInstr><![CDATA[Registre cero (0) si no informante no posee otra observación]]></ivuInstr>
      </qstn>
      <varFormat type="character" schema="other" />
    </var>
    <var ID="V54" name="P_4_5_2__1" files="F1" intrvl="discrete">
      <location RecSegNo="1" />
      <labl><![CDATA[4.5.2. ¿ Por cuál modo de contacto recupera información el supervisor(a)?:Búsqueda web]]></labl>
      <qstn>
        <qstnLit><![CDATA[4.5.2. ¿ Por cuál modo de contacto recupera información el supervisor(a)?]]></qstnLit>
      </qstn>
      <varFormat type="numeric" schema="other" />
    </var>
    <var ID="V55" name="P_4_5_2__2" files="F1" intrvl="discrete">
      <location RecSegNo="1" />
      <labl><![CDATA[4.5.2. ¿ Por cuál modo de contacto recupera información el supervisor(a)?:Correo electrónico]]></labl>
      <qstn>
        <qstnLit><![CDATA[4.5.2. ¿ Por cuál modo de contacto recupera información el supervisor(a)?]]></qstnLit>
      </qstn>
      <varFormat type="numeric" schema="other" />
    </var>
    <var ID="V56" name="P_4_5_2__3" files="F1" intrvl="discrete">
      <location RecSegNo="1" />
      <labl><![CDATA[4.5.2. ¿ Por cuál modo de contacto recupera información el supervisor(a)?:Telefónico]]></labl>
      <qstn>
        <qstnLit><![CDATA[4.5.2. ¿ Por cuál modo de contacto recupera información el supervisor(a)?]]></qstnLit>
      </qstn>
      <varFormat type="numeric" schema="other" />
    </var>
    <var ID="V57" name="P_4_5_2__4" files="F1" intrvl="discrete">
      <location RecSegNo="1" />
      <labl><![CDATA[4.5.2. ¿ Por cuál modo de contacto recupera información el supervisor(a)?:Otro]]></labl>
      <qstn>
        <qstnLit><![CDATA[4.5.2. ¿ Por cuál modo de contacto recupera información el supervisor(a)?]]></qstnLit>
      </qstn>
      <varFormat type="numeric" schema="other" />
    </var>
    <var ID="V58" name="P_4_5_2__5" files="F1" intrvl="discrete">
      <location RecSegNo="1" />
      <labl><![CDATA[4.5.2. ¿ Por cuál modo de contacto recupera información el supervisor(a)?:N/A]]></labl>
      <qstn>
        <qstnLit><![CDATA[4.5.2. ¿ Por cuál modo de contacto recupera información el supervisor(a)?]]></qstnLit>
      </qstn>
      <varFormat type="numeric" schema="other" />
    </var>
    <var ID="V59" name="P_4_5_2_1" files="F1" intrvl="discrete">
      <location width="255" RecSegNo="1" />
      <labl><![CDATA[4.5.2.1. Observación]]></labl>
      <qstn>
        <qstnLit><![CDATA[4.5.2.1. Observación]]></qstnLit>
      </qstn>
      <varFormat type="character" schema="other" />
    </var>
    <var ID="V60" name="P_5_1_1" files="F1" intrvl="discrete">
      <location RecSegNo="1" />
      <labl><![CDATA[5.1.1.¿Se realiza gestión de contacto telefónico de inducción a la encuesta dentro de la franja horaria?]]></labl>
      <qstn>
        <qstnLit><![CDATA[5.1.1.¿Se realiza gestión de contacto telefónico de inducción a la encuesta dentro de la franja horaria?]]></qstnLit>
      </qstn>
      <catgry>
        <catValu>1</catValu>
        <labl><![CDATA[Sí]]></labl>
      </catgry>
      <catgry>
        <catValu>2</catValu>
        <labl><![CDATA[No]]></labl>
      </catgry>
      <varFormat type="numeric" schema="other" />
    </var>
    <var ID="V61" name="P_5_2_1" files="F1" intrvl="discrete">
      <location RecSegNo="1" />
      <labl><![CDATA[5.2.1. ¿Se registra gestión de correo electrónico de inducción a la encuesta?]]></labl>
      <qstn>
        <qstnLit><![CDATA[5.2.1. ¿Se registra gestión de correo electrónico de inducción a la encuesta?]]></qstnLit>
      </qstn>
      <catgry>
        <catValu>1</catValu>
        <labl><![CDATA[Sí]]></labl>
      </catgry>
      <catgry>
        <catValu>2</catValu>
        <labl><![CDATA[No]]></labl>
      </catgry>
      <varFormat type="numeric" schema="other" />
    </var>
    <var ID="V62" name="P_5_2_2" files="F1" intrvl="discrete">
      <location RecSegNo="1" />
      <labl><![CDATA[5.2.2. ¿Se registra respaldo de correo electrónico de inducción a la encuesta?]]></labl>
      <qstn>
        <qstnLit><![CDATA[5.2.2. ¿Se registra respaldo de correo electrónico de inducción a la encuesta?]]></qstnLit>
      </qstn>
      <catgry>
        <catValu>1</catValu>
        <labl><![CDATA[Sí]]></labl>
      </catgry>
      <catgry>
        <catValu>2</catValu>
        <labl><![CDATA[No]]></labl>
      </catgry>
      <varFormat type="numeric" schema="other" />
    </var>
    <var ID="V63" name="P_5_2_2_1" files="F1" intrvl="discrete">
      <location width="255" RecSegNo="1" />
      <labl><![CDATA[5.2.2.1. Observación]]></labl>
      <qstn>
        <qstnLit><![CDATA[5.2.2.1. Observación]]></qstnLit>
      </qstn>
      <varFormat type="character" schema="other" />
    </var>
    <var ID="V64" name="P_5_3_1" files="F1" intrvl="discrete">
      <location RecSegNo="1" />
      <labl><![CDATA[5.3.1.¿Analista presta asistencia al informante?]]></labl>
      <qstn>
        <qstnLit><![CDATA[5.3.1.¿Analista presta asistencia al informante?]]></qstnLit>
      </qstn>
      <catgry>
        <catValu>1</catValu>
        <labl><![CDATA[Sí]]></labl>
      </catgry>
      <catgry>
        <catValu>2</catValu>
        <labl><![CDATA[No]]></labl>
      </catgry>
      <varFormat type="numeric" schema="other" />
    </var>
    <var ID="V65" name="P_5_3_2__1" files="F1" intrvl="discrete">
      <location RecSegNo="1" />
      <labl><![CDATA[5.3.2 ¿Qué tipo de asistencia presta el analista?:Presta asistencia en el uso de sistemas]]></labl>
      <qstn>
        <qstnLit><![CDATA[5.3.2 ¿Qué tipo de asistencia presta el analista?]]></qstnLit>
      </qstn>
      <varFormat type="numeric" schema="other" />
    </var>
    <var ID="V66" name="P_5_3_2__2" files="F1" intrvl="discrete">
      <location RecSegNo="1" />
      <labl><![CDATA[5.3.2 ¿Qué tipo de asistencia presta el analista?:Presta asistencia en acceso y recuperación de clave]]></labl>
      <qstn>
        <qstnLit><![CDATA[5.3.2 ¿Qué tipo de asistencia presta el analista?]]></qstnLit>
      </qstn>
      <varFormat type="numeric" schema="other" />
    </var>
    <var ID="V67" name="P_5_3_2__3" files="F1" intrvl="discrete">
      <location RecSegNo="1" />
      <labl><![CDATA[5.3.2 ¿Qué tipo de asistencia presta el analista?:Presta asistencia en comprensión de la encuesta]]></labl>
      <qstn>
        <qstnLit><![CDATA[5.3.2 ¿Qué tipo de asistencia presta el analista?]]></qstnLit>
      </qstn>
      <varFormat type="numeric" schema="other" />
    </var>
    <var ID="V68" name="P_6_1_1" files="F1" intrvl="discrete">
      <location RecSegNo="1" />
      <labl><![CDATA[6.1.1.¿Se realiza revisión visual de recepción por parte del analista?]]></labl>
      <qstn>
        <qstnLit><![CDATA[6.1.1.¿Se realiza revisión visual de recepción por parte del analista?]]></qstnLit>
      </qstn>
      <catgry>
        <catValu>1</catValu>
        <labl><![CDATA[Si]]></labl>
      </catgry>
      <catgry>
        <catValu>2</catValu>
        <labl><![CDATA[No]]></labl>
      </catgry>
      <varFormat type="numeric" schema="other" />
    </var>
    <var ID="V69" name="P_6_2_1" files="F1" intrvl="discrete">
      <location RecSegNo="1" />
      <labl><![CDATA[6.2.1. ¿Se realiza gestión de un llamado telefónico para consultas de recepción y análisis?]]></labl>
      <qstn>
        <qstnLit><![CDATA[6.2.1. ¿Se realiza gestión de un llamado telefónico para consultas de recepción y análisis?]]></qstnLit>
      </qstn>
      <catgry>
        <catValu>1</catValu>
        <labl><![CDATA[Si]]></labl>
      </catgry>
      <catgry>
        <catValu>2</catValu>
        <labl><![CDATA[No]]></labl>
      </catgry>
      <varFormat type="numeric" schema="other" />
    </var>
    <var ID="V70" name="P_6_2_2" files="F1" intrvl="discrete">
      <location RecSegNo="1" />
      <labl><![CDATA[6.2.2. ¿Se realiza gestión de un correo electrónico para consultas de recepción y análisis?]]></labl>
      <qstn>
        <qstnLit><![CDATA[6.2.2. ¿Se realiza gestión de un correo electrónico para consultas de recepción y análisis?]]></qstnLit>
      </qstn>
      <catgry>
        <catValu>1</catValu>
        <labl><![CDATA[Si]]></labl>
      </catgry>
      <catgry>
        <catValu>2</catValu>
        <labl><![CDATA[No]]></labl>
      </catgry>
      <varFormat type="numeric" schema="other" />
    </var>
    <var ID="V71" name="P_6_2_3" files="F1" intrvl="discrete">
      <location RecSegNo="1" />
      <labl><![CDATA[6.2.3. ¿Se realiza respaldo de correo electrónico sobre consultas de recepción y análisis?]]></labl>
      <qstn>
        <qstnLit><![CDATA[6.2.3. ¿Se realiza respaldo de correo electrónico sobre consultas de recepción y análisis?]]></qstnLit>
      </qstn>
      <catgry>
        <catValu>1</catValu>
        <labl><![CDATA[Si]]></labl>
      </catgry>
      <catgry>
        <catValu>2</catValu>
        <labl><![CDATA[No]]></labl>
      </catgry>
      <varFormat type="numeric" schema="other" />
    </var>
    <var ID="V72" name="P_6_2_3_1" files="F1" intrvl="discrete">
      <location width="255" RecSegNo="1" />
      <labl><![CDATA[6.2.3.1. Observación]]></labl>
      <qstn>
        <qstnLit><![CDATA[6.2.3.1. Observación]]></qstnLit>
      </qstn>
      <varFormat type="character" schema="other" />
    </var>
    <var ID="V73" name="P_6_2_4" files="F1" intrvl="discrete">
      <location RecSegNo="1" />
      <labl><![CDATA[6.2.4 ¿En caso de ser necesario se recontacta al informante?]]></labl>
      <qstn>
        <qstnLit><![CDATA[6.2.4 ¿En caso de ser necesario se recontacta al informante?]]></qstnLit>
      </qstn>
      <catgry>
        <catValu>1</catValu>
        <labl><![CDATA[Si]]></labl>
      </catgry>
      <catgry>
        <catValu>2</catValu>
        <labl><![CDATA[No]]></labl>
      </catgry>
      <varFormat type="numeric" schema="other" />
    </var>
    <var ID="V74" name="P_6_2_5" files="F1" intrvl="discrete">
      <location RecSegNo="1" />
      <labl><![CDATA[6.2.5 ¿Se realiza seguimiento de un llamado telefónico después de dos días hábiles (recontacto)?]]></labl>
      <qstn>
        <qstnLit><![CDATA[6.2.5 ¿Se realiza seguimiento de un llamado telefónico después de dos días hábiles (recontacto)?]]></qstnLit>
      </qstn>
      <catgry>
        <catValu>1</catValu>
        <labl><![CDATA[Si]]></labl>
      </catgry>
      <catgry>
        <catValu>2</catValu>
        <labl><![CDATA[No]]></labl>
      </catgry>
      <varFormat type="numeric" schema="other" />
    </var>
    <var ID="V75" name="P_6_2_6" files="F1" intrvl="discrete">
      <location RecSegNo="1" />
      <labl><![CDATA[6.2.6. ¿Se realiza seguimiento de un un correo electrónico después de dos días hábiles (recontacto)?]]></labl>
      <qstn>
        <qstnLit><![CDATA[6.2.6. ¿Se realiza seguimiento de un un correo electrónico después de dos días hábiles (recontacto)?]]></qstnLit>
      </qstn>
      <catgry>
        <catValu>1</catValu>
        <labl><![CDATA[Si]]></labl>
      </catgry>
      <catgry>
        <catValu>2</catValu>
        <labl><![CDATA[No]]></labl>
      </catgry>
      <varFormat type="numeric" schema="other" />
    </var>
    <var ID="V76" name="P_6_2_7" files="F1" intrvl="discrete">
      <location RecSegNo="1" />
      <labl><![CDATA[6.2.7. ¿Analista deja las observaciones por campo en la encuesta?]]></labl>
      <qstn>
        <qstnLit><![CDATA[6.2.7. ¿Analista deja las observaciones por campo en la encuesta?]]></qstnLit>
      </qstn>
      <catgry>
        <catValu>1</catValu>
        <labl><![CDATA[Si]]></labl>
      </catgry>
      <catgry>
        <catValu>2</catValu>
        <labl><![CDATA[No]]></labl>
      </catgry>
      <varFormat type="numeric" schema="other" />
    </var>
    <var ID="V77" name="P_6_2_8" files="F1" intrvl="discrete">
      <location RecSegNo="1" />
      <labl><![CDATA[6.2.8. ¿Analista deja las observaciones generales en el sistema?]]></labl>
      <qstn>
        <qstnLit><![CDATA[6.2.8. ¿Analista deja las observaciones generales en el sistema?]]></qstnLit>
      </qstn>
      <catgry>
        <catValu>1</catValu>
        <labl><![CDATA[Si]]></labl>
      </catgry>
      <catgry>
        <catValu>2</catValu>
        <labl><![CDATA[No]]></labl>
      </catgry>
      <varFormat type="numeric" schema="other" />
    </var>
    <var ID="V78" name="P_6_3_1" files="F1" intrvl="discrete">
      <location RecSegNo="1" />
      <labl><![CDATA[6.3.1. ¿Analista presta asistencia al informante?]]></labl>
      <qstn>
        <qstnLit><![CDATA[6.3.1. ¿Analista presta asistencia al informante?]]></qstnLit>
      </qstn>
      <catgry>
        <catValu>1</catValu>
        <labl><![CDATA[Si]]></labl>
      </catgry>
      <catgry>
        <catValu>2</catValu>
        <labl><![CDATA[No]]></labl>
      </catgry>
      <varFormat type="numeric" schema="other" />
    </var>
    <var ID="V79" name="P_6_3_2__1" files="F1" intrvl="discrete">
      <location RecSegNo="1" />
      <labl><![CDATA[6.3.2. ¿Qué tipo de asistencia presta el analista?:Presta asistencia en el uso de sistemas]]></labl>
      <qstn>
        <qstnLit><![CDATA[6.3.2. ¿Qué tipo de asistencia presta el analista?]]></qstnLit>
      </qstn>
      <varFormat type="numeric" schema="other" />
    </var>
    <var ID="V80" name="P_6_3_2__2" files="F1" intrvl="discrete">
      <location RecSegNo="1" />
      <labl><![CDATA[6.3.2. ¿Qué tipo de asistencia presta el analista?:Presta asistencia en acceso y recuperación de clave]]></labl>
      <qstn>
        <qstnLit><![CDATA[6.3.2. ¿Qué tipo de asistencia presta el analista?]]></qstnLit>
      </qstn>
      <varFormat type="numeric" schema="other" />
    </var>
    <var ID="V81" name="P_6_3_2__3" files="F1" intrvl="discrete">
      <location RecSegNo="1" />
      <labl><![CDATA[6.3.2. ¿Qué tipo de asistencia presta el analista?:Presta asistencia en comprensión de la encuesta]]></labl>
      <qstn>
        <qstnLit><![CDATA[6.3.2. ¿Qué tipo de asistencia presta el analista?]]></qstnLit>
      </qstn>
      <varFormat type="numeric" schema="other" />
    </var>
    <var ID="V82" name="P_7_1_1" files="F1" intrvl="discrete">
      <location RecSegNo="1" />
      <labl><![CDATA[7.1.1. ¿Se realiza la gestión de un llamado telefónico para consultas de procesamiento?]]></labl>
      <qstn>
        <qstnLit><![CDATA[7.1.1. ¿Se realiza la gestión de un llamado telefónico para consultas de procesamiento?]]></qstnLit>
      </qstn>
      <catgry>
        <catValu>1</catValu>
        <labl><![CDATA[Si]]></labl>
      </catgry>
      <catgry>
        <catValu>2</catValu>
        <labl><![CDATA[No]]></labl>
      </catgry>
      <varFormat type="numeric" schema="other" />
    </var>
    <var ID="V83" name="P_7_1_2" files="F1" intrvl="discrete">
      <location RecSegNo="1" />
      <labl><![CDATA[7.1.2. ¿Se realiza gestión de un correo electrónico de envío de consultas desde procesamiento?]]></labl>
      <qstn>
        <qstnLit><![CDATA[7.1.2. ¿Se realiza gestión de un correo electrónico de envío de consultas desde procesamiento?]]></qstnLit>
      </qstn>
      <catgry>
        <catValu>1</catValu>
        <labl><![CDATA[Si]]></labl>
      </catgry>
      <catgry>
        <catValu>2</catValu>
        <labl><![CDATA[No]]></labl>
      </catgry>
      <varFormat type="numeric" schema="other" />
    </var>
    <var ID="V84" name="P_7_1_3" files="F1" intrvl="discrete">
      <location RecSegNo="1" />
      <labl><![CDATA[7.1.3. ¿Se realiza gestión de correo electrónico para envío de solicitud de confirmación de ediciones?]]></labl>
      <qstn>
        <qstnLit><![CDATA[7.1.3. ¿Se realiza gestión de correo electrónico para envío de solicitud de confirmación de ediciones?]]></qstnLit>
      </qstn>
      <catgry>
        <catValu>1</catValu>
        <labl><![CDATA[Si]]></labl>
      </catgry>
      <catgry>
        <catValu>2</catValu>
        <labl><![CDATA[No]]></labl>
      </catgry>
      <varFormat type="numeric" schema="other" />
    </var>
    <var ID="V85" name="P_7_1_3_1" files="F1" intrvl="discrete">
      <location width="255" RecSegNo="1" />
      <labl><![CDATA[7.1.3.1. Observación]]></labl>
      <qstn>
        <qstnLit><![CDATA[7.1.3.1. Observación]]></qstnLit>
      </qstn>
      <varFormat type="character" schema="other" />
    </var>
    <var ID="V86" name="P_7_1_4" files="F1" intrvl="discrete">
      <location RecSegNo="1" />
      <labl><![CDATA[7.1.4. ¿Se realiza respaldo de correo electrónico sobre consultas de procesamiento?]]></labl>
      <qstn>
        <qstnLit><![CDATA[7.1.4. ¿Se realiza respaldo de correo electrónico sobre consultas de procesamiento?]]></qstnLit>
      </qstn>
      <catgry>
        <catValu>1</catValu>
        <labl><![CDATA[Si]]></labl>
      </catgry>
      <catgry>
        <catValu>2</catValu>
        <labl><![CDATA[No]]></labl>
      </catgry>
      <varFormat type="numeric" schema="other" />
    </var>
    <var ID="V87" name="P_7_1_4_1" files="F1" intrvl="discrete">
      <location width="255" RecSegNo="1" />
      <labl><![CDATA[7.1.4.1. Observación]]></labl>
      <qstn>
        <qstnLit><![CDATA[7.1.4.1. Observación]]></qstnLit>
      </qstn>
      <varFormat type="character" schema="other" />
    </var>
    <var ID="V88" name="P_7_1_5" files="F1" intrvl="discrete">
      <location RecSegNo="1" />
      <labl><![CDATA[7.1.5 ¿Analista presta asistencia al informante?]]></labl>
      <qstn>
        <qstnLit><![CDATA[7.1.5 ¿Analista presta asistencia al informante?]]></qstnLit>
      </qstn>
      <catgry>
        <catValu>1</catValu>
        <labl><![CDATA[Si]]></labl>
      </catgry>
      <catgry>
        <catValu>2</catValu>
        <labl><![CDATA[No]]></labl>
      </catgry>
      <varFormat type="numeric" schema="other" />
    </var>
    <var ID="V89" name="P_7_1_6" files="F1" intrvl="discrete">
      <location RecSegNo="1" />
      <labl><![CDATA[7.1.6. Que tipo de asistencia presta el analista?]]></labl>
      <qstn>
        <qstnLit><![CDATA[7.1.6. Que tipo de asistencia presta el analista?]]></qstnLit>
      </qstn>
      <catgry>
        <catValu>1</catValu>
        <labl><![CDATA[Presta asistencia en el uso de sistemas]]></labl>
      </catgry>
      <catgry>
        <catValu>2</catValu>
        <labl><![CDATA[Presta asistencia en acceso y recuperación de clave]]></labl>
      </catgry>
      <catgry>
        <catValu>3</catValu>
        <labl><![CDATA[Presta asistencia en comprensión de la encuesta]]></labl>
      </catgry>
      <varFormat type="numeric" schema="other" />
    </var>
    <var ID="V90" name="P_7_1_7" files="F1" intrvl="discrete">
      <location RecSegNo="1" />
      <labl><![CDATA[7.1.7. ¿Se realiza corrección y/o justificación de observaciones por parte del analista?]]></labl>
      <qstn>
        <qstnLit><![CDATA[7.1.7. ¿Se realiza corrección y/o justificación de observaciones por parte del analista?]]></qstnLit>
      </qstn>
      <catgry>
        <catValu>1</catValu>
        <labl><![CDATA[Si]]></labl>
      </catgry>
      <catgry>
        <catValu>2</catValu>
        <labl><![CDATA[No]]></labl>
      </catgry>
      <varFormat type="numeric" schema="other" />
    </var>
    <var ID="V91" name="P_7_1_7_1" files="F1" intrvl="discrete">
      <location width="255" RecSegNo="1" />
      <labl><![CDATA[7.1.7.1. Observación]]></labl>
      <qstn>
        <qstnLit><![CDATA[7.1.7.1. Observación]]></qstnLit>
      </qstn>
      <varFormat type="character" schema="other" />
    </var>
    <var ID="V92" name="P_7_2_1" files="F1" intrvl="discrete">
      <location RecSegNo="1" />
      <labl><![CDATA[7.2.1. ¿Se realiza la gestión de un llamado telefónico y un correo electrónico en caso de consulta y/o correción de información?]]></labl>
      <qstn>
        <qstnLit><![CDATA[7.2.1. ¿Se realiza la gestión de un llamado telefónico y un correo electrónico en caso de consulta y/o correción de información?]]></qstnLit>
      </qstn>
      <catgry>
        <catValu>1</catValu>
        <labl><![CDATA[Si]]></labl>
      </catgry>
      <catgry>
        <catValu>2</catValu>
        <labl><![CDATA[No]]></labl>
      </catgry>
      <varFormat type="numeric" schema="other" />
    </var>
    <var ID="V93" name="P_7_2_1_1" files="F1" intrvl="discrete">
      <location width="255" RecSegNo="1" />
      <labl><![CDATA[7.2.1.1. Observación]]></labl>
      <qstn>
        <qstnLit><![CDATA[7.2.1.1. Observación]]></qstnLit>
      </qstn>
      <varFormat type="character" schema="other" />
    </var>
    <var ID="V94" name="P_7_2_2" files="F1" intrvl="discrete">
      <location RecSegNo="1" />
      <labl><![CDATA[7.2.2. ¿Se realiza corrección y/o justificación de observaciones?]]></labl>
      <qstn>
        <qstnLit><![CDATA[7.2.2. ¿Se realiza corrección y/o justificación de observaciones?]]></qstnLit>
      </qstn>
      <catgry>
        <catValu>1</catValu>
        <labl><![CDATA[Si]]></labl>
      </catgry>
      <catgry>
        <catValu>2</catValu>
        <labl><![CDATA[No]]></labl>
      </catgry>
      <varFormat type="numeric" schema="other" />
    </var>
    <var ID="V95" name="P_8_1_1" files="F1" intrvl="discrete">
      <location RecSegNo="1" />
      <labl><![CDATA[8.1.1. Resultado de la supervisión etapa de verificación]]></labl>
      <qstn>
        <qstnLit><![CDATA[8.1.1. Resultado de la supervisión etapa de verificación]]></qstnLit>
      </qstn>
      <catgry>
        <catValu>1</catValu>
        <labl><![CDATA[Logrado]]></labl>
      </catgry>
      <catgry>
        <catValu>2</catValu>
        <labl><![CDATA[No logrado]]></labl>
      </catgry>
      <catgry>
        <catValu>3</catValu>
        <labl><![CDATA[Logrado con observaciones]]></labl>
      </catgry>
      <varFormat type="numeric" schema="other" />
    </var>
    <var ID="V96" name="P_8_1_1_1" files="F1" intrvl="discrete">
      <location width="255" RecSegNo="1" />
      <labl><![CDATA[8.1.1.1. Observación]]></labl>
      <qstn>
        <qstnLit><![CDATA[8.1.1.1. Observación]]></qstnLit>
      </qstn>
      <varFormat type="character" schema="other" />
    </var>
    <var ID="V97" name="P_8_1_2" files="F1" intrvl="discrete">
      <location RecSegNo="1" />
      <labl><![CDATA[8.1.2. Resultado de la supervisión etapa de recolección]]></labl>
      <qstn>
        <qstnLit><![CDATA[8.1.2. Resultado de la supervisión etapa de recolección]]></qstnLit>
      </qstn>
      <catgry>
        <catValu>1</catValu>
        <labl><![CDATA[Logrado]]></labl>
      </catgry>
      <catgry>
        <catValu>2</catValu>
        <labl><![CDATA[No logrado]]></labl>
      </catgry>
      <catgry>
        <catValu>3</catValu>
        <labl><![CDATA[Logrado con observaciones]]></labl>
      </catgry>
      <varFormat type="numeric" schema="other" />
    </var>
    <var ID="V98" name="P_8_1_2_1" files="F1" intrvl="discrete">
      <location width="255" RecSegNo="1" />
      <labl><![CDATA[8.1.2.1. Observación]]></labl>
      <qstn>
        <qstnLit><![CDATA[8.1.2.1. Observación]]></qstnLit>
      </qstn>
      <varFormat type="character" schema="other" />
    </var>
    <var ID="V99" name="P_8_1_3" files="F1" intrvl="discrete">
      <location RecSegNo="1" />
      <labl><![CDATA[8.1.3. Resultado de la supervisión etapa de análisis y consistencia]]></labl>
      <qstn>
        <qstnLit><![CDATA[8.1.3. Resultado de la supervisión etapa de análisis y consistencia]]></qstnLit>
      </qstn>
      <catgry>
        <catValu>1</catValu>
        <labl><![CDATA[Logrado]]></labl>
      </catgry>
      <catgry>
        <catValu>2</catValu>
        <labl><![CDATA[No logrado]]></labl>
      </catgry>
      <catgry>
        <catValu>3</catValu>
        <labl><![CDATA[Logrado con observaciones]]></labl>
      </catgry>
      <varFormat type="numeric" schema="other" />
    </var>
    <var ID="V100" name="P_8_1_3_1" files="F1" intrvl="discrete">
      <location width="255" RecSegNo="1" />
      <labl><![CDATA[8.1.3.1. Observación]]></labl>
      <qstn>
        <qstnLit><![CDATA[8.1.3.1. Observación]]></qstnLit>
      </qstn>
      <varFormat type="character" schema="other" />
    </var>
    <var ID="V101" name="P_8_1_4" files="F1" intrvl="discrete">
      <location RecSegNo="1" />
      <labl><![CDATA[8.1.4. Resultado de la supervisión etapa de procesamiento]]></labl>
      <qstn>
        <qstnLit><![CDATA[8.1.4. Resultado de la supervisión etapa de procesamiento]]></qstnLit>
      </qstn>
      <catgry>
        <catValu>1</catValu>
        <labl><![CDATA[Logrado]]></labl>
      </catgry>
      <catgry>
        <catValu>2</catValu>
        <labl><![CDATA[No logrado]]></labl>
      </catgry>
      <catgry>
        <catValu>3</catValu>
        <labl><![CDATA[Logrado con observaciones]]></labl>
      </catgry>
      <varFormat type="numeric" schema="other" />
    </var>
    <var ID="V102" name="P_8_1_4_1" files="F1" intrvl="discrete">
      <location width="255" RecSegNo="1" />
      <labl><![CDATA[8.1.4.1. Observación]]></labl>
      <qstn>
        <qstnLit><![CDATA[8.1.4.1. Observación]]></qstnLit>
      </qstn>
      <varFormat type="character" schema="other" />
    </var>
    <var ID="V103" name="P_9_1" files="F1" intrvl="discrete">
      <location width="255" RecSegNo="1" />
      <labl><![CDATA[9.1. Hora de término de la supervisión]]></labl>
      <qstn>
        <qstnLit><![CDATA[9.1. Hora de término de la supervisión]]></qstnLit>
      </qstn>
      <varFormat type="character" schema="other" />
    </var>
  </dataDscr>
  <fileDscr ID="F1" URI="Temp#33.~esstar?Index=0&amp;Name=ENI_SV_Verif_2025">
    <fileTxt>
      <fileName>ENI_SV_Verif_2025.NSDstat</fileName>
      <dimensns>
        <caseQnty>0</caseQnty>
        <varQnty>103</varQnty>
      </dimensns>
      <fileType>Nesstar 200801</fileType>
    </fileTxt>
  </fileDscr>
</codeBook>